Workbook

Sheet Dashboard
B6: AVERAGE PRICE | D6: HOMES ANALYZED | G6: TOP PRICE DRIVER | I6: MODEL ACCURACY (R²)
B7: =Stats!H2*1000 -> 21635.918 | D7: =Stats!H4 -> 490 | G7: =Stats!H5 -> RM | I7: 0.89
B10: What Drives Price the Most

Sheet Data
A1: CRIM | B1: ZN | C1: INDUS | D1: CHAS | E1: NOX | F1: RM | G1: AGE | H1: DIS | I1: RAD | J1: TAX | K1: PTRATIO | L1: B | M1: LSTAT | N1: MEDV
A2: 0.00632 | B2: 18 | C2: 2.31 | D2: 0 | E2: 0.538 | F2: 6.575 | G2: 65.2 | H2: 4.09 | I2: 1 | J2: 296 | K2: 15.3 | L2: 396.9 | M2: 4.98 | N2: 24
A3: 0.02731 | B3: 0 | C3: 7.07 | D3: 0 | E3: 0.469 | F3: 6.421 | G3: 78.9 | H3: 4.9671 | I3: 2 | J3: 242 | K3: 17.8 | L3: 396.9 | M3: 9.14 | N3: 21.6
A4: 0.02729 | B4: 0 | C4: 7.07 | D4: 0 | E4: 0.469 | F4: 7.185 | G4: 61.1 | H4: 4.9671 | I4: 2 | J4: 242 | K4: 17.8 | L4: 392.83 | M4: 4.03 | N4: 34.7
A5: 0.03237 | B5: 0 | C5: 2.18 | D5: 0 | E5: 0.458 | F5: 6.998 | G5: 45.8 | H5: 6.0622 | I5: 3 | J5: 222 | K5: 18.7 | L5: 394.63 | M5: 2.94 | N5: 33.4
A6: 0.06905 | B6: 0 | C6: 2.18 | D6: 0 | E6: 0.458 | F6: 7.147 | G6: 54.2 | H6: 6.0622 | I6: 3 | J6: 222 | K6: 18.7 | L6: 396.9 | M6: 5.33 | N6: 36.2
A7: 0.02985 | B7: 0 | C7: 2.18 | D7: 0 | E7: 0.458 | F7: 6.43 | G7: 58.7 | H7: 6.0622 | I7: 3 | J7: 222 | K7: 18.7 | L7: 394.12 | M7: 5.21 | N7: 28.7
A8: 0.08829 | B8: 12.5 | C8: 7.87 | D8: 0 | E8: 0.524 | F8: 6.012 | G8: 66.6 | H8: 5.5605 | I8: 5 | J8: 311 | K8: 15.2 | L8: 395.6 | M8: 12.43 | N8: 22.9
A9: 0.14455 | B9: 12.5 | C9: 7.87 | D9: 0 | E9: 0.524 | F9: 6.172 | G9: 96.1 | H9: 5.9505 | I9: 5 | J9: 311 | K9: 15.2 | L9: 396.9 | M9: 19.15 | N9: 27.1
A10: 0.21124 | B10: 12.5 | C10: 7.87 | D10: 0 | E10: 0.524 | F10: 5.631 | G10: 100 | H10: 6.0821 | I10: 5 | J10: 311 | K10: 15.2 | L10: 386.63 | M10: 29.93 | N10: 16.5
A11: 0.17004 | B11: 12.5 | C11: 7.87 | D11: 0 | E11: 0.524 | F11: 6.004 | G11: 85.9 | H11: 6.5921 | I11: 5 | J11: 311 | K11: 15.2 | L11: 386.71 | M11: 17.1 | N11: 18.9
A12: 0.22489 | B12: 12.5 | C12: 7.87 | D12: 0 | E12: 0.524 | F12: 6.377 | G12: 94.3 | H12: 6.3467 | I12: 5 | J12: 311 | K12: 15.2 | L12: 392.52 | M12: 20.45 | N12: 15
A13: 0.11747 | B13: 12.5 | C13: 7.87 | D13: 0 | E13: 0.524 | F13: 6.009 | G13: 82.9 | H13: 6.2267 | I13: 5 | J13: 311 | K13: 15.2 | L13: 396.9 | M13: 13.27 | N13: 18.9
... A491: 0.04741 | B491: 0 | C491: 11.93 | D491: 0 | E491: 0.573 | F491: 6.03 | G491: 80.8 | H491: 2.505 | I491: 1 | J491: 273 | K491: 21 | L491: 396.9 | M491: 7.88 | N491: 11.9

Sheet Stats
A1: Feature | B1: Correlation with MEDV | D1: Group | E1: Average Price | G1: KPI | H1: Value
A2: RM | B2: =CORREL(Data!F2:F491,Data!N2:N491) -> 0.68663431 | D2: Not on River | E2: =AVERAGEIF(Data!D2:D491,0,Data!N2:N491) -> 21.488503 | G2: Average Price | H2: =AVERAGE(Data!N2:N491) -> 21.635918
A3: ZN | B3: =CORREL(Data!B2:B491,Data!N2:N491) -> 0.40460764 | D3: On River | E3: =AVERAGEIF(Data!D2:D491,1,Data!N2:N491) -> 23.97931 | G3: Max Price | H3: =MAX(Data!N2:N491) -> 48.8
A4: DIS | B4: =CORREL(Data!H2:H491,Data!N2:N491) -> 0.36881318 | G4: Homes Analyzed | H4: =COUNT(Data!N2:N491) -> 490
A5: B | B5: =CORREL(Data!L2:L491,Data!N2:N491) -> 0.36492798 | G5: Strongest Positive Driver | H5: =INDEX(A2:A13,MATCH(MAX(B2:B13),B2:B13,0)) -> RM
A6: CHAS | B6: =CORREL(Data!D2:D491,Data!N2:N491) -> 0.074803468 | G6: Strongest Negative Driver | H6: =INDEX(A2:A13,MATCH(MIN(B2:B13),B2:B13,0)) -> INDUS
A7: CRIM | B7: =CORREL(Data!A2:A491,Data!N2:N491) -> -0.45011518
A8: RAD | B8: =CORREL(Data!I2:I491,Data!N2:N491) -> -0.47629559
A9: AGE | B9: =CORREL(Data!G2:G491,Data!N2:N491) -> -0.49291521
A10: PTRATIO | B10: =CORREL(Data!K2:K491,Data!N2:N491) -> -0.51864105
A11: NOX | B11: =CORREL(Data!E2:E491,Data!N2:N491) -> -0.52445103
A12: TAX | B12: =CORREL(Data!J2:J491,Data!N2:N491) -> -0.57244167
A13: INDUS | B13: =CORREL(Data!C2:C491,Data!N2:N491) -> -0.60000523
A14: LSTAT | B14: =CORREL(Data!M2:M491,Data!N2:N491) -> -0.75983749
